Name,Time
ELON MUSK,14:24:01
ELON MUSK,15:24:01
ELON MUSK,16:24:01
ELON MUSK,17:24:01
ELON MUSK,18:24:01
ELON MUSK,19:24:01
ELON MUSK,20:24:01
ELON MUSK,21:24:01
ELON MUSK,22:24:01
ELON MUSK,23:24:01
ELON MUSK,00:24:01
ELON MUSK,01:24:01
ELON MUSK,02:24:01
ELON MUSK,03:24:01
ELON MUSK,04:24:01
ELON MUSK,05:24:01
ELON MUSK,06:24:01
ELON MUSK,07:24:01
ELON MUSK,08:24:01
ELON MUSK,09:24:01
ELON MUSK,10:24:01
ELON MUSK,11:24:01
RATAN TATA,14:24:21
RATAN TATA,15:24:21
RATAN TATA,16:24:21
RATAN TATA,17:24:21
RATAN TATA,18:24:21
RATAN TATA,19:24:21
RATAN TATA,20:24:21
RATAN TATA,21:24:21
RATAN TATA,22:24:21
RATAN TATA,23:24:21
RATAN TATA,00:24:21
RATAN TATA,01:24:21
RATAN TATA,02:24:21
RATAN TATA,03:24:21
RATAN TATA,04:24:21
RATAN TATA,05:24:21
RATAN TATA,06:24:21
RATAN TATA,07:24:21
RATAN TATA,08:24:21
RATAN TATA,09:24:21
RATAN TATA,10:24:21
RATAN TATA,11:24:21
RATAN TATA,12:24:21
RATAN TATA,13:24:21
RATAN TATA,14:24:21
RATAN TATA,15:24:21
RATAN TATA,16:24:21
RATAN TATA,17:24:21
ABDUL KALAM,15:22:32
ABDUL KALAM,16:22:32
ABDUL KALAM,17:22:32
ABDUL KALAM,18:22:32
ABDUL KALAM,19:22:32
ABDUL KALAM,20:22:32
ABDUL KALAM,21:22:32
ABDUL KALAM,22:22:32
ABDUL KALAM,23:22:32
ABDUL KALAM,00:22:32
ABDUL KALAM,01:22:32
ABDUL KALAM,02:22:32
ABDUL KALAM,03:22:32
ABDUL KALAM,04:22:32
ABDUL KALAM,05:22:32
ABDUL KALAM,06:22:32
ABDUL KALAM,07:22:32
ABDUL KALAM,08:22:32
ABDUL KALAM,09:22:32
ABDUL KALAM,10:22:32
ABDUL KALAM,11:22:32
ABDUL KALAM,12:22:32
ABDUL KALAM,13:22:32
ABDUL KALAM,14:22:32
ABDUL KALAM,15:22:32
ABDUL KALAM,16:22:32
ABDUL KALAM,17:22:32
ABDUL KALAM,18:22:32
ABDUL KALAM,19:22:32
ABDUL KALAM,20:22:32
ABDUL KALAM,21:22:32
ABDUL KALAM,22:22:32
ABDUL KALAM,23:22:32
ABDUL KALAM,00:22:32
ABDUL KALAM,01:22:32
ABDUL KALAM,02:22:32
ABDUL KALAM,03:22:32
ABDUL KALAM,04:22:32
ABDUL KALAM,05:22:32
ABDUL KALAM,06:22:32
ABDUL KALAM,07:22:32
ABDUL KALAM,08:22:32
ABDUL KALAM,09:22:32